sentiment,review,context
positiva," left messag dca lost found finger cross find ",airline
positiva,"bring game premium cabin dine nice url",airline
positiva," thank feelingtheluv",airline
positiva,"much respect ",airline
positiva,"excel resolv issu quick ",airline
positiva," s t minus 32 minut until elev silver upgrad window open freeneversuck ",airline
positiva,"black histori commerci sweet well done ",airline
positiva,"though work anoth major black histori month commerci ",airline
positiva,"hi saw black histori month commerci tv im excit suppo month grant 1 free trip",airline
positiva,"travel guest mileag plus member use member mile ",airline
positiva,"drink ticket hook ca n t wait intern na pump",airline
positiva,"tri el fail old fashion method tomorrow morn ",airline
positiva,"definit favorit ",airline
positiva,"kevin team f38ish phl recoveri tonight appreci ",airline
positiva,"yeah figur ",airline
positiva,"today rsw grr abl snag free sw agent check look final set ",airline
positiva,"attend super help find left today excel name fit ",airline
positiva," appreci respons ",airline
positiva,"give cyndi troy each gold star ",airline
positiva,"chicago s hometown care neighbor savethediagon flyquiet ordnois",airline
positiva,"hey yea thru everyth well 7 10 day voucher goe through appreci ",airline
positiva,"assistanceyou rock ",airline
positiva,"cc boldflavor re bring bourbon st 35 000 ft bold flavor fresh ingredi dine option",airline
positiva," m sure lot 747 777 airplan lhr lot faster than 513mph strong tailwind ",airline
positiva,"glad peopl safe sad other n t bc schedul problem ",airline
positiva," go boston m actual wifi right",airline
positiva,"want say attend fitz tonight 1326 bwibo guy made fantast ",airline
positiva,"glad final resolv too too bad ca n t free voucher mine friend ",airline
positiva,"app remind fll 2 week chillycvz thankgood famili friend sunshin",airline
positiva,"awesom quick respons rock ",airline
positiva," happen ",airline
positiva,"resolv problem shannon rock though rhonda n t ",airline
positiva,"cover ",airline
positiva,"friend pictur phillip heller airplan ifc he said delici ",airline
positiva,"ca n t wait respons ",airline
positiva," s hectic everyon action n t repres compani well imo",airline
positiva,"tyvm usair happi night lt 3",airline
positiva,"amid snow flightlat deliv wo hassl plus wait upgrad ",airline
positiva,"sivi stewa lax fantast tonight help find lost item airpo much ",airline
positiva,"excel respons assist set ",airline
positiva,"total win happi 7th bday intercom chocol kiss chanc hand snacksthank url",airline
positiva,"love peopl work organ ",airline
positiva,"follo",airline
positiva,"big team famili emerg same day ticket experi excel 1st yall ",airline
positiva,"have hang tampa airpo forev today s awesom experi",airline
positiva,"awesom usair tysvm lt 3",airline
positiva,"use applepay airlin",airline
positiva,"follo",airline
positiva," s classi ",airline
positiva,"big pilot 644 turn 1hr tarmac 20min arriv",airline
positiva,"big shoutout crew 2017 bos gt airplan 486 airplan gt roc crew c19 bos 6 airplan long day delay made better them ",airline
positiva,"dude name shaquill desk charlott incred profession help v crazi angri peopl tonight",airline
positiva,"thing fella done right today pacif zone ",airline
positiva,"made mad call number person help told where 22 ",airline
positiva,"shout red head agent flt 3389 dca chs 710 tonight n t her name she ",airline
positiva,"4146 phi den staf crew freecomedyshow newlifetimecustom",airline
positiva,"airway follow ",airline
positiva,"quick respons",airline
positiva," valentinesday email point clever be amaz compani loveisintheair url",airline
positiva,"hot stewardess flip off",airline
positiva," s while sinc ve angri tweet appar read mind befor could bitch credit ",airline
positiva,"wonder nice agent austin help wish rememb her name give proper kudo ",airline
positiva,"also prompt repli m impress re brush off much appreci ",airline
positiva," note exampl actual make extrem inconveni situat url",airline
positiva,"onc again abl chang without fee oh two free check bag ever ",airline
positiva," offici airlin divadapouch aka thepoopqueen url",airline
positiva,"aisan chees wine pair ",airline
positiva,"yes announc off re ",airline
positiva,"awe ca n t wait again soon ",airline
positiva,"both much ",airline
positiva,"trip today crew fantast url",airline
positiva,"receiv appreci take care matter follow ",airline
positiva,"such big hea keep work",airline
positiva,"neveind s found it make process painless",airline
positiva,"final take off la fll sju letsgo",airline
positiva,"connect today ll abl pay final respect dear famili member ",airline
positiva,"appreci fact rare flightlat ",airline
positiva,"provid logist experi peopl india mumbai surat navimumbai",airline
positiva,"love ",airline
positiva,"it alway pleasur ",airline
positiva," follow ",airline
positiva,"thx agt john pascucci find clt pvd origin flightl url",airline
positiva," s okay m actual tea kinda guy anyway ",airline
positiva,"final make board pas work passbook",airline
positiva,"gorgeous day hope tomorrow pleasant ",airline
positiva,"total understand weather frustrat ",airline
positiva,"de ice impoant ",airline
positiva,"board yet depa respons ",airline
positiva,"work hard make sure thing flow smooth keep posit ",airline
positiva,"cool ",airline
positiva,"hotspot free wifi make happi airplan itsthelittleth",airline
positiva,"win alway save day direct orlando ",airline
positiva,"air deic ll miss connect helpfuli m hope catch",airline
positiva,"sorri hear outsourc plan bois staffcust countri bois",airline
positiva,"yes yes doe trip down lift ",airline
positiva,"night follow ",airline
positiva,"plan btw excel crew dca through sju into sxm ",airline
positiva,"huge crew 1348 flew dca sju monday night snow could ",airline
positiva,"get nashvill big pilot 615 baltimor snow land ice ",airline
positiva,"slog airplan citi goe ",airline
positiva,"incred svc mint experi magic ",airline
positiva,"oh worri nl disappoint here better loung than delta them doe disappoint ",airline
positiva,"club denver dope ",airline
positiva,"congrat vx rout ",airline
positiva,"hey least honest custom unlik",airline
positiva,"info day ",airline
positiva,"listen doe n t mean n t appreci ",airline
positiva,"land nashvill take care url",airline
positiva," 4 min respons m impress m s offici trueblu compani get social ",airline
positiva,"follo",airline
positiva," austin most excel news ",airline
positiva,"follo",airline
positiva," take backyard consum win biz compet ",airline
positiva," follow ",airline
positiva,"follo",airline
positiva,"much ",airline
positiva," re kill smitten trueblu",airline
positiva,"awesom deal dal au 39 each url",airline
positiva," today staff msp took level father pas away night help today ",airline
positiva," alway crew 475 compani",airline
positiva,"supervisor miriam provid final",airline
positiva,"awesom send ",airline
positiva," thankyou dal au rout make day ",airline
positiva,"credit repli ll look forward hope those 103 tonight ",airline
positiva,"amaz follow ",airline
positiva,"follo",airline
positiva,"pleasant surpris board morn job ",airline
positiva," busi time ",airline
positiva,"follo",airline
positiva,"oh gosh serious made day week year appreci than ",airline
positiva,"anyth flyfi url",airline
positiva,"follo",airline
positiva,"oh god lauren oh god oh god",airline
positiva,"holi fuckinf shit",airline
positiva,"love free wifi legroom seattlebound",airline
positiva,"lauren omg ever",airline
positiva," re",airline
positiva,"worri get bad wrap spoke w agent save huge amount apolog yesterday",airline
positiva,"lauren omg im dead im happi yes yes",airline
positiva,"lauren im scream",airline
positiva,"continu impress crew mco 4help famili seat issu profession",airline
positiva,"oh gosh",airline
positiva,"follo",airline
positiva,"orlando haford few week ago arriv earli ",airline
positiva,"yes bag came straight hotel rock ",airline
positiva,"flew ord miami crew both leg ",airline
positiva,"bar wish ",airline
positiva," flyfi seattl udub here come url",airline
positiva,"tv ad girl danc make laugh everi trip ",airline
positiva,"book problem dc visit easter weekend sta difficult end well big fan here ",airline
positiva,"apolog accept customerservicewin itravelalot url",airline
positiva,"omg final",airline
positiva," hmmm doe caribbean sound url ld warm ",airline
positiva," her have number ",airline
positiva," here few month ago none weird n t club busiest airpo ",airline
positiva,"it wonder thing ",airline
positiva," handl question social medium pro practic transpoat system run friend ai ",airline
positiva," dream open rout between dalla austin doe mean houston might ",airline
positiva,"seat 2 hot athlet signific better ",airline
positiva,"beatriz susan 4 mco ",airline
positiva," s amaz ",airline
positiva," s free wifi board thing s happen sinc slice bread",airline
positiva,"greatest ever o truebluepoint compani",airline
positiva,"most incred ve ever experienc refresh ",airline
positiva,"yes attend wonder btw secur tray tabl s flail url",airline
positiva," re welcom url",airline
positiva,"readi inspir url",airline
positiva,"mark 15th year blueman design sun sentinel url",airline
positiva,"follo",airline
positiva,"allow chang onc fee yay alway book them chang 200",airline
positiva,"reach gold div 2k424j0 chang under confirm dnx58v ",airline
positiva,"explan seem odd incent structur tho dramat diminish valu ce ",airline
positiva," m crave pretzel send ",airline
positiva,"ad passbook suppo io applic final add them collect url",airline
positiva,"job celebr mardigras2015 own industri anoth reason m nut url",airline
positiva,"magic eight ball steer wrong ",airline
positiva,"kind ",airline
positiva," alreadi subscrib rr account receiv promo code month sinc expir offer ",airline
positiva," arriv san juan earli luv ",airline
positiva,"follow appreci ",airline
positiva,"hey dre seatac check need rais stat dude gave amaz made feel valu ",airline
positiva,"friend engag person handl clarifi question baggag fee well took interest do ",airline
positiva,"nicest attend newark airpo 101 right multipl delay she pleasant everyon ",airline
positiva,"also emerg exit seat 6 2 s huge win ",airline
positiva," follow ",airline
positiva,"follo",airline
positiva,"blown away stellar custserv lt 3 url",airline
positiva," y soon m excit expans destin spread those wing ",airline
positiva,"luv ur peopl product 1 thing y doyoucharg herbal tea black tea m caffein drinker",airline
positiva,"she also appreci have her own hashtag lucycat",airline
positiva,"boe 777 star allianc sho final 27l amaz winter morn 777 avgeek url",airline
positiva,"follo",airline
positiva,"follo",airline
positiva,"name both angel serious cool truli fantast ",airline
positiva," line move quick alreadi done ",airline
positiva," remind agent s ok p heard rumor stream wifi tvmovi might instal",airline
positiva,"ok ",airline
positiva,"share valu common ",airline
positiva,"gave ticket saturday ca n t right haha ",airline
positiva," littl work ",airline
negativa,"glitch websit re book problem check noth between ur site airpo communic nightmar ",airline
negativa,"also said could n t book have put someon el ",airline
negativa,"terribl inspir futur ",airline
negativa,"miss funer train newark",airline
negativa,"current im bring 3 year old bathroom m be rush attend ",airline
negativa,"n t tell tell actual reach someon n t mind be put wo n t ",airline
negativa," r book conflict info abt baggag y extra batteri hand y comp amessageir club 9 hr wait ",airline
negativa,"willmak sure tell everyon around horribl experi also post busi page ",airline
negativa,"refund request function url brokeni error ",airline
negativa,"heard apolog 45 time gt 60 min anoth airpo differ again",airline
negativa,"30 year piss off mani incid ",airline
negativa,"hog m wait bus off run other leav two min ",airline
negativa,"speciifc email 1500 charact limit complaint aaus complaint adopt twitter model ",airline
negativa,"figur delay list almost 2 hr be cheer",airline
negativa,"whole team abl put carri on under",airline
negativa,"understand delay stuck longer than unaccept",airline
negativa,"hey swair tour board 1971 due agent have board assist folk ",airline
negativa,"4 day flightat driven 3 airpo 3 differ state spent gas than ",airline
negativa,"put avail tomorrow morn idea bna open morn ",airline
negativa,"bestyoucould do i might refund within 2 bill cycl month ofyouguy ask anoth chanc m done",airline
negativa,"super disappoint today ve stress book anoth while airpo",airline
negativa,"problem websit tri make chang w app site unspecifi error",airline
negativa,"yall tri littl bitti boston hate littl plane ",airline
negativa,"youlost refund fee doe sen yes alreadi call cust svc said ",airline
negativa,"aforement pilot sure merg these patron hit hoodlum url",airline
negativa,"agent gon na tell it 5 minut past depaur previous plane",airline
negativa,"buy earli bird pointless move diff bc lost board posit ",airline
negativa,"money re sit runway 2 delay wait baggag begin load ",airline
negativa,"earlier reflight book problem m n t screencap said unspecifi error swa",airline
negativa,"woman work counter philli 630 need fire due bad weather along other passeng",airline
negativa,"1 refus board nexus nexus confirm she refus",airline
negativa,"117 day mayb ",airline
negativa,"think m shot ca n t find arriv befor busi san thu too ",airline
negativa,"horrend pull shit togeth",airline
negativa,"2 employe yell her 3 employe stood other whisper point her behind counter",airline
negativa,"nexus confirm cross via air car boat she nexus ",airline
negativa,"book problem use credit previous flightl ca n t thru ca n t book onlin ",airline
negativa,"she cross 4 prior time other carrier issu karen rude untrain unhelp also spoke",airline
negativa,"ive everyon el she sour whole experi hope she s",airline
negativa,"karen found her unhelp rude call compani told she could board karen accept",airline
negativa,"updat websit most current status updat thx",airline
negativa,"spent 87 minut count w today 48 minut gave tri again 43rd min ",airline
negativa,"bna today ",airline
negativa,"wait luggag 1923 delay ",airline
negativa,"couldwant n t use internet reserv site wo n t work chrome sever comput ",airline
negativa,"45 minut arriv bag most peopl ua469 den ewr long wait until ual rep come here ",airline
negativa,"too futur better harsh weather prepared plan much staff call everyth snowbal",airline
negativa," call twice kick offcal 3 6 phonedi alistpref url",airline
negativa,"entir luggag miss dca nobodi know anyth ",airline
negativa,"doe n t matter direct s principl matter check stroller",airline
negativa,"recommend upgrad ivr use email text caller ",airline
negativa,"super frustrat folk compani ticket counter pittsburg n t honor own medium rate companyfail",airline
negativa,"onboard wifi bad s take 20 minut send tweet work off tabl disappoint",airline
negativa,"which miami anoth ",airline
negativa,"receiv email wreso s email n t associ swa account own cc info sister fraud messag",airline
negativa,"ric tonight ve ewr 24hrs ",airline
negativa,"normal flightst experi worst 2 runway wifi tv work proper",airline
negativa,"auto callback n t wait ",airline
negativa,"agent re rout imposs itinerari find super bum",airline
negativa,"441 24 three pilot show ",airline
negativa,"thing notic she re rout 7 total passeng imposs tripl connect well",airline
negativa," m person ve sit denver three let ",airline
negativa,"could send refund depament submit claim through email without success ",airline
negativa,"learn famous apolog social medium market twitter asset jet blue ",airline
negativa,"pm number where lodg formal complaint thx",airline
negativa,"thks 4 tip seem workaround rather than custom friend solut easili access email ",airline
negativa,"hard tell told wifi work side ",airline
negativa,"kp luckili transfer mainten issu n t miss transfer ",airline
negativa,"it 2015 power outlet seat 6 california serious airlin fail pathet ",airline
negativa,"n t chang reserv seat bought ticket error comp seat",airline
negativa,"n t spend extra 100 bc ur equip failur ",airline
negativa,"wait 4567 memphi incred rude agent wait until depaur announc delay 1 2 rude",airline
negativa,"life dealt such poor irrespons staff lack care lga iah day 2 baggag nc ",airline
negativa,"4567 agent wander off pilot came look her went charg her person which she d txting",airline
negativa,"each wors than attend n t whether equip power outlet seat ",airline
negativa,"4567 alreadi flightl onc tri two day staff be unhelp ",airline
negativa,"tell where ",airline
negativa,"site clear explain allow carri allow pit bos doe sen ",airline
negativa,"number gave doe n t work either number ",airline
negativa,"also employe le help check his two left desk complet 12 ",airline
negativa," 22 anoth sent him wrong line oh kiosk n t work ",airline
negativa,"1808 leav 245 n t begun board yet updat websit asap",airline
negativa,"bag houston sinc friday reimburs baggag fee ",airline
negativa,"tri chang advanc 24 prior tri onlin earlier want 300 chang fee ",airline
negativa,"right point kid n t often bought four round trip ticket dtw phx m ",airline
negativa,"someth go ale s sever time parent m receiv ale ",airline
negativa,"miss 6 000 point account re spread four assum creat account them",airline
negativa,"flt 4567 depaur chang five time 20 minut n t figur solut announc onc ",airline
negativa,"flt 4567 agent announc unprofession ",airline
negativa,"charg 200 2 chang rip off reason 2 hand 2 reschedul same juli",airline
negativa,"2 keep money",airline
negativa,"heard charg 1st tighter seat loyal jb anymor ",airline
negativa,"spoke baggag claim center gave credit respons cost",airline
negativa,"flightl bna bna 2 mdw tomorrow strand den ve day",airline
negativa,"stroller credit doe n t cover cost stroller crew ruin therefor",airline
negativa,"respons replac",airline
negativa,"umm reason someon differ contact contact definit answer ",airline
negativa,"stuck iad go 6 wait ferri nashvill thatyouca n t tell arriv ridicul ",airline
negativa," ll giveyoua chanc n t think ll fall backtodelta",airline
negativa,"quick respons offer assist lack follow through expect",airline
negativa,"brother his girlfriend flightl 3 time leav 72 drop letter grade school ",airline
negativa,"rememb m doubt hope ",airline
negativa,"where sta ve alreadi wast 15 hr wait alreadi ",airline
negativa,"messag go into clt which forc miss connect lga 1005pm",airline
negativa,"use keep reschedul southworst",airline
negativa,"busi take each other need audit ",airline
negativa,"tri today ",airline
negativa,"sent",airline
negativa,"made miss class ca n t enter amessageir club happi messag fix ",airline
negativa," 211pilot spill his tea radio yay delay almost ",airline
negativa,"hope 1855 be attend n t come work nobackup",airline
negativa," ve 4443 sit tarmac dca while wait use anoth ",airline
negativa,"stink tri book keep get hung companysuck",airline
negativa,"she s strand dc sat until 330am 100 other kid starv exhaust ",airline
negativa,"rep 10 min said she could n t transfer dividend mile",airline
negativa,"believ keep custom happi especi mistak made pa ",airline
negativa,"agent reserv contact instead ask wast sit",airline
negativa,"offer flight m strand away work ",airline
negativa,"usaa 4443we arriv dca 212 wait 33 apx hr updat ",airline
negativa,"waitingcan answer notcool",airline
negativa,"thx respond bag came mad rush toward end jetwaywhi put thru baggag claim ",airline
negativa,"email reserv flightl refund noth refund yet",airline
negativa," 2 flightlat due weather mechan paid own hotel held transfer vouchercompens",airline
negativa,"nashvill airpo runway open appear southwest flight like chang ",airline
negativa,"job communic passeng 1855 doe n t exist anymor url",airline
negativa," possibl swa put cut off ",airline
negativa,"yet suppos earli even tonight n t store buy necess ",airline
negativa,"ca n t fit name two line yes pas feedback big downgrad previous year ",airline
negativa,"ca n t real person book readi compani sinc care companysuck",airline
negativa," s 322 sign board anoth updat ",airline
negativa,"probabl n t do someon return email case number 8273993",airline
negativa,"told gate open ord need wait 20min wait 4 min ",airline
negativa,"horribl experi montego bay philadelphia 211 125 2check golf constant sell flight",airline
negativa,"ground gt 30min plan depaur california weather here origin told 10 min delay ",airline
negativa,"flightl monday look credit card s ",airline
negativa,"25 flightr flightl ta work intern communic skill ",airline
negativa,"hi jh experi compani entir disgust yes d assist get compens ",airline
negativa,"yes work firefox everyth finish purchas button turn gray submit coupl week ",airline
negativa,"updat 5202 orf phl ",airline
negativa,"wifi yesterday s extrem slow wast 8 lost work ",airline
negativa,"have troubl check add messag",airline
negativa,"travel affect boston storm m shock virgin s complet apathi toward custom ",airline
negativa,"embarrass itself bad weather n t fault respons could n t wors ",airline
negativa,"checkin system poor",airline
negativa,"hung 1hr 7min messag contact info ",airline
negativa,"4914 gsp dsm claim s sched avail book separ togeth ",airline
negativa,"group virgin other bos weather expo actual cu serv model book problem virgin again ",airline
negativa," yes hope speak someon direct appreci link nonetheless ",airline
negativa,"suppos re deliveri ll believ ",airline
negativa,"origin suppos leav 140pm wo n t leav until 5 2nd happen",airline
negativa,"final made it miss meet ",airline
negativa,"while other airlin n t flight into bos help custom virgin say luck ",airline
negativa,"befor wednesday joke 50hrs flightlat delay enough ",airline
negativa," link those email offersyous year buytransf milesth 1 expir url",airline
negativa," m cool weather delay etc lie deceiv passeng keep them chang reprehens yousuck",airline
negativa,"3359 which final flightl ",airline
negativa,"priceless compani strand daughter o hare compani zero keep her safe alon plastic chair 9h compani air",airline
negativa,"follo",airline
negativa,"think stay w reschedul n t absorb fee cost 12",airline
negativa," d learn listen custom ask",airline
negativa,"flightl both refus give voucher despit 2day neveragain",airline
negativa,"plus horribl seat poor everywher ve flown away mileag programhorr",airline
negativa,"charg station san ",airline
negativa,"tooooo mani flightat chain command hate",airline
negativa,"staff appropro entir fa isnt here shouldnt left delta ",airline
negativa,"86 lax iad row clean prior board gross find use tissu seat ",airline
negativa,"wether yet again charlott ice storm luck mad custom",airline
negativa,"airlin oc fll today 700 switch notic apolog done companyairlin ",airline
negativa,"hold 30 min listen shitti ad repeat credit hate better",airline
negativa,"3pm bag here couesi toiletri kit experi expect disappoint ",airline
negativa,"done sad clt gotten ind today head tampa tmrw ",airline
negativa,"sta scold use overhead bin offer person seat ",airline
negativa,"continu button generat trip plan trip page regardless far along book problem process hint end",airline
negativa,"lot re fave ewr cleveland w40 min layov connect dc option come ",airline
negativa," 1601",airline
negativa,"super paid much attent actual flier credit card holder ",airline
negativa,"book suck big crappi layov sub par ",airline
negativa,"airlin oc fll today 700 switch notic apolog done companyairlin ",airline
negativa,"mco gt dca almost full peopl screw msi dca flightat n t swa mistak ",airline
negativa,"offer final made destin albeit ",airline
negativa,"these chang stick premier 1k loyal custom thing harder those loyal ",airline
negativa,"free wifi sinc 1808 flightl ",airline
negativa,"mileag plus custom disgrac spent 45 min reset pin number luck",airline
negativa,"yes could n t explain 2 45 minut ",airline
negativa,"serious wtf nochil url",airline
negativa,"n t ve tri confirm call n t go thru let ",airline
negativa,"sorri hate compani wo n t famili until thursday",airline
negativa,"ment anyth tri quot polici effect ",airline
negativa,"flt 4487 have major delay bc ground crew slow crew terrif 2 ground ",airline
negativa," m travel around world until end year 800 number ",airline
negativa,"websit book problem experi obnoxi upsel laden disast anyon half brain ",airline
negativa,"9o left coat luggag anticip cramp overhead bin ",airline
negativa,"too",airline
negativa,"furious re firm disgrac despit effo zero protect daughter alon night compani",airline
negativa," ve 2 re book ",airline
negativa,"call 12 time three day s unaccept m will wait s option ",airline
negativa,"flightlat text morn either bushleagu number weakservic",airline
negativa,"1613 flightl wife stuck phoenix slc san lot southwest ",airline
negativa,"ca n t believ compani ca n t find someon simpli check seat miss passpo love compani debat choic",airline
negativa,"attent actual specif complaint dca option ",airline
neutra,"travel lax clt hts book tomorrow due advisori ",airline
neutra,"there flt phl crw per day ",airline
neutra,"877 amsterdam ewr 02272015 737 300 ",airline
neutra," s right game set match ",airline
neutra,"e mail address write account might le like disappear",airline
neutra,"iiiii schedul haha",airline
neutra,"yesterday m so ",airline
neutra,"follo",airline
neutra,"doe economi plus cabin also qualifi premium cabin ",airline
neutra," 50 2nd 1st too full",airline
neutra,"hard predict dalla nashvill tomorrow ",airline
neutra,"contact chang s destin evalu ",airline
neutra,"hi doe upcom 2168 west palm hpn fli fi ",airline
neutra,"think 1945 bna lax off ground tomorrow snowbama",airline
neutra,"doe forelock guarante fare fare seat ",airline
neutra,"switch earlier airplan check ",airline
neutra,"yes fyi bff",airline
neutra,"look tomorrow morn nashvill bna fo lauderdal fll ",airline
neutra,"depa boston heavili tomorrow morn ",airline
neutra,"sure tsa pre work other airlin compani differ ",airline
neutra,"long url",airline
neutra,"use point book rental car ",airline
neutra,"punta cana enjoy weather n wife famili",airline
neutra,"152 n559jb here s look blue kid depa enrout url",airline
neutra," leav work possibl replac",airline
neutra,"told compani carri overcarri refund ",airline
neutra,"3111 n614sw depa enrout indianapoli intern airpo url",airline
neutra,"knew done correct doe open",airline
neutra,"3rd pay known eze man confirm he born india told his name steve wilson ",airline
neutra," come minneapoli st paul ",airline
neutra," thestaer ",airline
neutra,"full ",airline
neutra,"selfi 83 airplan orlando url",airline
neutra,"doe cabin function mean m take satisfact survey ",airline
neutra," m cust svc line charlott nc agent better game ",airline
neutra,"club virgin bump york url",airline
neutra,"eh happen think ll surviv than",airline
neutra,"accept appl pay mobil enterpris url",airline
neutra,"dad",airline
neutra,"save 871 tomorrow ",airline
neutra,"possibl upfar p segment where gpu waitlist ",airline
neutra,"gon na math test tomoro ca n t concentr destinationd",airline
neutra,"hope pilot day off",airline
neutra,"reinstat kosher meal drop sholi merger ",airline
neutra,"captain apolog delay compani look open glanc starboard side 5 open gate ",airline
neutra,"becom accept appl pay futur experi url",airline
neutra,"date ca n t updat via googl play ",airline
neutra,"book tomorrow",airline
neutra,"instead bourbon street quiet plane savethediagon",airline
neutra,"winner destinationdragon announc yet ",airline
neutra," companyairlin wont wait 10min fam w 2yr old connect leav earli instead airpo plane stop today",airline
neutra,"n t abl through respond",airline
neutra,"long bill cycl",airline
neutra,"chang rno den non stop may 9 6am morn earli afternoon ",airline
neutra,"yep s tomorrow ",airline
neutra,"welcom poland sun mt hood southwest url",airline
neutra,"contact miss rapid reward credit ",airline
neutra,"outlin polici both scenario ",airline
neutra,"sent email describ experi look forward follow hope right ",airline
neutra,"obvious",airline
neutra,"referr program milageplus explor card ",airline
neutra,"email",airline
neutra,"374 ord roc fam came sna m member dad he use his mile them ",airline
neutra,"receiv invit paicip e reward legit compani doubl check bc site look differ ",airline
neutra," m book problem vega promo code ",airline
neutra,"sure email screenshot below link url url",airline
neutra,"sent",airline
neutra,"618 houston",airline
neutra,"canyoubett defin plus smaller type item carri requir small backpack ",airline
neutra,"link tweet goe someon s intern email gt url probabl 3rd pay contract",airline
neutra,"too too ",airline
neutra,"both ",airline
neutra,"ceo seek right balanc passeng wall alaska highway news url",airline
neutra,"return vacat went luggag servic golf present clear wrap could ve use place ",airline
neutra," ll send ",airline
neutra,"n t ifyoudefin controllableirregular",airline
neutra,"hi pastor homeschool mom might spirit em contact prefundia url",airline
neutra,"705 ewr fll",airline
neutra,"ceo seek right balanc passeng wall daili journal url",airline
neutra,"reserv",airline
neutra,"doe virgin america direct seattl nyc boston ",airline
neutra,"snow forecast raleigh nc tomorrow night s plan reschedul into rdu wednesday night",airline
neutra,"hello wonder long might turkish airlin show compani mile ",airline
neutra," s pretti nice credit automat given also wish loung could sleep ",airline
neutra,"airplan airpo right",airline
neutra,"book through orbitz email correct s middl pay ",airline
neutra," m tri nashvill ve stuck dalla 2 day morn",airline
neutra," look global",airline
neutra,"game reason pay someth could work here url",airline
neutra,"celebr 15 year anniversari liveri digit journal url",airline
neutra,"1970 1366 1552 1 into mind take ocean approach sleep ",airline
neutra,"follo",airline
neutra,"flight check put differ oak gt msi have troubl track down ",airline
neutra,"multipli ticket price equal amount mile transatlant ",airline
neutra,"servic promot moment modelodenegocio innov innovacion businessmodel",airline
neutra,"msp dxb child turn 2 dure trip buy return ticket child ",airline
neutra,"anywher warm caus it freez nyc",airline
neutra," ua1121 den 40 min tarmac ",airline
neutra,"chang air travel investor url",airline
neutra,"hi solar charger amazon game changer plug usb into charg ",airline
neutra,"allow bring duffl pack carri person item ny",airline
neutra,"hi read weather warn east coast lhr sfo affect ",airline
neutra,"link messag repli 3thpay itproblem",airline
neutra,"ceo battl appeas passeng wall street url url",airline
neutra,"speak skateboard allow carri bagag right extra payment need ",airline
neutra,"hope nashvill open come today",airline
neutra,"mark 15th bihday bluman paint job blog url",airline
neutra,"end panership american express url url",airline
neutra,"suck have money book life 2600 mile away ",airline
neutra,"volum profit url aviat aircargo url",airline
neutra,"drop video off upcom project thetakeov produc yponthebeat url",airline
neutra,"dump amex nassau news live url",airline
neutra,"today go day feel y suppo throughout re come nashvill octavia",airline
neutra,"hi could protect 445 case ground check luggag chanc origin",airline
neutra,"mean founat n t affect ",airline
neutra,"hi domest sea hnl pay use loung befor intern ",airline
neutra,"long expect formal respons ",airline
neutra,"chang alreadi print board pas ",airline
neutra,"canyouhelp 2y old battl cancer need treatment o ",airline
neutra,"remind upcom trip florida n t url",airline
neutra,"winner destinationdragon ",airline
neutra,"delay today orlando ",airline
neutra,"think ll selfi proof ",airline
neutra,"deal ",airline
neutra,"empti class seat check n t automat upgrad ",airline
neutra,"leisur militari personnel safeti reason r high recommend uniform",airline
neutra,"hi add account creat",airline
neutra,"pri board activ militari uniform 90 ca n t uniform opsec reason offici",airline
neutra,"tri nashvill london idea nashvill right ",airline
neutra,"possibl carri put closetoverhead success do other airlin ",airline
neutra,"tell reserv book 5080 5129",airline
neutra,"name pord",airline
neutra,"check onlin tomorrow s thought auto upgrad alreadi email say seat ",airline
neutra,"ceo discus possibl nhl vega arena name right url sposbiz",airline
neutra,"octob 2015 avail ",airline
neutra,"januari 15th ",airline
neutra,"lekvhg cost chang 430",airline
neutra,"social medium take likeagirl brand lesson learn smm brand url",airline
neutra,"flyer schedul round trip set depaur date sure return date policyfe chang re",airline
neutra,"sent messag info ",airline
neutra,"add frequenc pdx poland",airline
neutra,"long doe receiv ticket itin book via url ",airline
neutra,"odd delta actual orlando today 2dayslat",airline
neutra,"everi vx nerdbird austin get nerd ",airline
neutra,"took deliveri n8661a boe 737 8h4 yesterday url dfw dal airlin",airline
neutra,"look cheap vega",airline
neutra,"name dalla chicago",airline
neutra,"final bnasnow",airline
neutra,"submit status match week heard im delta look switch compani assist ",airline
neutra,"letter follow sure includ reward number twitter handl email address ",airline
neutra,"miss nerdbird san jose",airline
neutra,"add mile januari air china mileageplus account ",airline
neutra,"recent move licens book month ago use old licens chang ",airline
neutra,"stl saturday where expect ice snow sta look waiver ",airline
neutra," system problem mail come 15369214203 compani spf record disallow messag detail",airline
neutra,"recent move licens book month ago use old licens chang ",airline
neutra,"left someth land midway night respons adult number ty ",airline
neutra,"6344 6373 sfo dfw also 1576 sfo ord",airline
neutra,"battl rout url via",airline
neutra,"through confirm n t charg ",airline
neutra,"come s cheaper bkk than n though bkk extra n ",airline
neutra,"celebr 15 year anniversari liveri url",airline
neutra,"ahhhh sorri follow ",airline
neutra,"yes upgrad voucher give 9148445695",airline
neutra,"fail set song url compani break guitar lt lmao ",airline
neutra,"open beyond august 7th ",airline
neutra,"sta 3xweek b737 900 neworlean cancun between 9may 5sep avgeek",airline
neutra,"send person school s ice n t stuck here",airline
neutra,"realiz advantag number n t use ff mile ",airline
neutra,"announc peopl go fl via charlott differ direct logic",airline
neutra,"sorri thought s done ",airline
neutra," 3854 atl rdu snow forecast raleigh even ",airline
neutra,"burn dream burningman ticket sale today ",airline
neutra,"doe pv approv readi ",airline
neutra,"hire emerg leader develop program day appli today appli here url",airline
neutra,"swa will follow final ",airline
neutra,"leg room tonight b6 304",airline
neutra,"gon na give away ticket destinationdragon",airline
neutra,"lauren im screakjmf",airline
neutra,"goe cou gain access gate field url deltanew",airline
neutra,"lauren holi sht",airline
neutra,"assist 611 land hpn connect atl ",airline
neutra,"bihday februari 24th which date imagin dragon conc btw",airline
neutra,"ahhhh yes lauren",airline
neutra," ve met favorit band sooo amaz win destin dragon ",airline
neutra,"nice expand texa n t forget here sandiego here ",airline
neutra,"increas chaer cuba agent url",airline
neutra,"offer companionpass atlanta resid frequent flier url",airline
neutra,"southwest current await govern approv rout offici ",airline
neutra,"sta 5xweek a319 dalla austin 28apr avgeek",airline
neutra,"give stand seat ticket passeng connect ",airline
neutra,"ha happen 10 year ago n t flown sinc ",airline
neutra," m get depend vibe fair enough ",airline
neutra,"thing compani club cracker nabisco where pepperidg farm ",airline
neutra,"lead vega babi ",airline
neutra," follow quick messag sw follow",airline
neutra,"vega come soon haven t receiv drink ticket flight ",airline
neutra,"thought ",airline
neutra,"look forward power inclus event special guest begin prompt 1130 am swadivers",airline
neutra,"paner trip nyc bought ticket same seat each other conf ilc0hp",airline