review, context
will watch supernatur niahahahahaaa awesom,tech
breakfast stomach growl,tech
a dream night downgrad model a model spent rest dream figur shame ,tech
hate microphon shit system fuck ,tech
ceo time cook a uniqu honor state alabama url,tech
model 6 ,tech
second flight bump 1st love,airline
great cabin flight crew morn 578 a great smile happi staff sign a happi compani,airline
sit plane airplan wait door open cater stock delay n t nicer,airline
worst custom servic airlin ve flown,airline
email share detail frank,airline
realiz luv voucher expir today chanc luv extens veryloyalcustom,airline
best day happi praia flamengo posto 2 url,politics
a ride kkkk happi,politics
mine suck day sad url,politics
sinh sad sta day a hate speech father s noheastern news death moa master desol ,politics
major voter decid vote month elect url,politics
8 adult obes obes day url,politics